[{"model": "data.parking", "pk": 29, "fields": {"name": "Zli\u010d\u00edn 1", "capacity": 83, "latitude": null, "longitude": null}}, {"model": "data.parking", "pk": 30, "fields": {"name": "\u010cern\u00fd Most 2", "capacity": 131, "latitude": null, "longitude": null}}, {"model": "data.parking", "pk": 31, "fields": {"name": "Opatov", "capacity": 181, "latitude": null, "longitude": null}}, {"model": "data.parking", "pk": 32, "fields": {"name": "Rajsk\u00e1 zahrada", "capacity": 88, "latitude": null, "longitude": null}}, {"model": "data.parking", "pk": 33, "fields": {"name": "Zli\u010d\u00edn 2", "capacity": 61, "latitude": null, "longitude": null}}, {"model": "data.parking", "pk": 34, "fields": {"name": "Let\u0148any", "capacity": 633, "latitude": null, "longitude": null}}, {"model": "data.parking", "pk": 35, "fields": {"name": "Hole\u0161ovice", "capacity": 74, "latitude": null, "longitude": null}}, {"model": "data.parking", "pk": 36, "fields": {"name": "L\u00e1dv\u00ed", "capacity": 78, "latitude": null, "longitude": null}}, {"model": "data.parking", "pk": 37, "fields": {"name": "Skalka 1", "capacity": 63, "latitude": null, "longitude": null}}, {"model": "data.parking", "pk": 38, "fields": {"name": "Depo Hostiva\u0159", "capacity": 169, "latitude": null, "longitude": null}}, {"model": "data.parking", "pk": 39, "fields": {"name": "Nov\u00e9 Butovice", "capacity": 57, "latitude": null, "longitude": null}}, {"model": "data.parking", "pk": 40, "fields": {"name": "\u010cern\u00fd Most 1", "capacity": 294, "latitude": null, "longitude": null}}, {"model": "data.parking", "pk": 41, "fields": {"name": "Radot\u00edn", "capacity": 36, "latitude": null, "longitude": null}}, {"model": "data.parking", "pk": 42, "fields": {"name": "Chodov", "capacity": 653, "latitude": null, "longitude": null}}, {"model": "data.timeslot", "pk": 2, "fields": {"name": "morning", "start": "06:00:00", "end": "09:59:59"}}, {"model": "data.timeslot", "pk": 3, "fields": {"name": "forenoon", "start": "10:00:00", "end": "12:59:59"}}, {"model": "data.timeslot", "pk": 4, "fields": {"name": "noon", "start": "13:00:00", "end": "14:59:59"}}, {"model": "data.timeslot", "pk": 5, "fields": {"name": "afternoon", "start": "15:00:00", "end": "17:59:59"}}, {"model": "data.timeslot", "pk": 6, "fields": {"name": "evening", "start": "18:00:00", "end": "20:59:59"}}, {"model": "data.timeslot", "pk": 7, "fields": {"name": "night", "start": "21:00:00", "end": "05:59:59"}}, {"model": "data.usage", "pk": 29, "fields": {"parking": 29, "timeslot": 7, "full": 486080, "weight": 58247}}, {"model": "data.usage", "pk": 30, "fields": {"parking": 29, "timeslot": 2, "full": 1444027, "weight": 25596}}, {"model": "data.usage", "pk": 31, "fields": {"parking": 29, "timeslot": 3, "full": 1242452, "weight": 19036}}, {"model": "data.usage", "pk": 32, "fields": {"parking": 29, "timeslot": 4, "full": 827980, "weight": 12761}}, {"model": "data.usage", "pk": 33, "fields": {"parking": 29, "timeslot": 5, "full": 921692, "weight": 18929}}, {"model": "data.usage", "pk": 34, "fields": {"parking": 29, "timeslot": 6, "full": 511836, "weight": 19110}}, {"model": "data.usage", "pk": 35, "fields": {"parking": 30, "timeslot": 7, "full": 305163, "weight": 58771}}, {"model": "data.usage", "pk": 36, "fields": {"parking": 30, "timeslot": 2, "full": 810450, "weight": 26852}}, {"model": "data.usage", "pk": 37, "fields": {"parking": 30, "timeslot": 3, "full": 1295077, "weight": 19959}}, {"model": "data.usage", "pk": 38, "fields": {"parking": 30, "timeslot": 4, "full": 796970, "weight": 13271}}, {"model": "data.usage", "pk": 39, "fields": {"parking": 30, "timeslot": 5, "full": 884213, "weight": 19672}}, {"model": "data.usage", "pk": 40, "fields": {"parking": 30, "timeslot": 6, "full": 331176, "weight": 19602}}, {"model": "data.usage", "pk": 41, "fields": {"parking": 31, "timeslot": 7, "full": 429503, "weight": 56908}}, {"model": "data.usage", "pk": 42, "fields": {"parking": 31, "timeslot": 2, "full": 1505200, "weight": 25918}}, {"model": "data.usage", "pk": 43, "fields": {"parking": 31, "timeslot": 3, "full": 2209373, "weight": 19617}}, {"model": "data.usage", "pk": 44, "fields": {"parking": 31, "timeslot": 4, "full": 1502301, "weight": 13527}}, {"model": "data.usage", "pk": 45, "fields": {"parking": 31, "timeslot": 5, "full": 1633584, "weight": 20059}}, {"model": "data.usage", "pk": 46, "fields": {"parking": 31, "timeslot": 6, "full": 728781, "weight": 19767}}, {"model": "data.usage", "pk": 47, "fields": {"parking": 32, "timeslot": 7, "full": 1133449, "weight": 59758}}, {"model": "data.usage", "pk": 48, "fields": {"parking": 32, "timeslot": 2, "full": 1260591, "weight": 26381}}, {"model": "data.usage", "pk": 49, "fields": {"parking": 32, "timeslot": 3, "full": 1323284, "weight": 19950}}, {"model": "data.usage", "pk": 50, "fields": {"parking": 32, "timeslot": 4, "full": 842105, "weight": 12904}}, {"model": "data.usage", "pk": 51, "fields": {"parking": 32, "timeslot": 5, "full": 1029371, "weight": 19488}}, {"model": "data.usage", "pk": 52, "fields": {"parking": 32, "timeslot": 6, "full": 605568, "weight": 19762}}, {"model": "data.usage", "pk": 53, "fields": {"parking": 33, "timeslot": 7, "full": 578346, "weight": 59304}}, {"model": "data.usage", "pk": 54, "fields": {"parking": 33, "timeslot": 2, "full": 1187406, "weight": 26382}}, {"model": "data.usage", "pk": 55, "fields": {"parking": 33, "timeslot": 3, "full": 1041651, "weight": 20167}}, {"model": "data.usage", "pk": 56, "fields": {"parking": 33, "timeslot": 4, "full": 690431, "weight": 13079}}, {"model": "data.usage", "pk": 57, "fields": {"parking": 33, "timeslot": 5, "full": 814099, "weight": 19817}}, {"model": "data.usage", "pk": 58, "fields": {"parking": 33, "timeslot": 6, "full": 521269, "weight": 19543}}, {"model": "data.usage", "pk": 59, "fields": {"parking": 34, "timeslot": 7, "full": 247756, "weight": 4986}}, {"model": "data.usage", "pk": 60, "fields": {"parking": 34, "timeslot": 2, "full": 567966, "weight": 2243}}, {"model": "data.usage", "pk": 61, "fields": {"parking": 34, "timeslot": 3, "full": 710548, "weight": 1675}}, {"model": "data.usage", "pk": 62, "fields": {"parking": 34, "timeslot": 4, "full": 459811, "weight": 1112}}, {"model": "data.usage", "pk": 63, "fields": {"parking": 34, "timeslot": 5, "full": 520445, "weight": 1618}}, {"model": "data.usage", "pk": 64, "fields": {"parking": 34, "timeslot": 6, "full": 222618, "weight": 1639}}, {"model": "data.usage", "pk": 65, "fields": {"parking": 35, "timeslot": 7, "full": 759167, "weight": 59383}}, {"model": "data.usage", "pk": 66, "fields": {"parking": 35, "timeslot": 2, "full": 1349470, "weight": 26465}}, {"model": "data.usage", "pk": 67, "fields": {"parking": 35, "timeslot": 3, "full": 1268353, "weight": 20050}}, {"model": "data.usage", "pk": 68, "fields": {"parking": 35, "timeslot": 4, "full": 834180, "weight": 13242}}, {"model": "data.usage", "pk": 69, "fields": {"parking": 35, "timeslot": 5, "full": 953428, "weight": 19788}}, {"model": "data.usage", "pk": 70, "fields": {"parking": 35, "timeslot": 6, "full": 614130, "weight": 19720}}, {"model": "data.usage", "pk": 71, "fields": {"parking": 36, "timeslot": 7, "full": 17901, "weight": 4602}}, {"model": "data.usage", "pk": 72, "fields": {"parking": 36, "timeslot": 2, "full": 89562, "weight": 2016}}, {"model": "data.usage", "pk": 73, "fields": {"parking": 36, "timeslot": 3, "full": 84799, "weight": 1494}}, {"model": "data.usage", "pk": 74, "fields": {"parking": 36, "timeslot": 4, "full": 56931, "weight": 1016}}, {"model": "data.usage", "pk": 75, "fields": {"parking": 36, "timeslot": 5, "full": 57289, "weight": 1523}}, {"model": "data.usage", "pk": 76, "fields": {"parking": 36, "timeslot": 6, "full": 20888, "weight": 1547}}, {"model": "data.usage", "pk": 77, "fields": {"parking": 37, "timeslot": 7, "full": 60885, "weight": 4996}}, {"model": "data.usage", "pk": 78, "fields": {"parking": 37, "timeslot": 2, "full": 44512, "weight": 2229}}, {"model": "data.usage", "pk": 79, "fields": {"parking": 37, "timeslot": 3, "full": 49794, "weight": 1659}}, {"model": "data.usage", "pk": 80, "fields": {"parking": 37, "timeslot": 4, "full": 30402, "weight": 1088}}, {"model": "data.usage", "pk": 81, "fields": {"parking": 37, "timeslot": 5, "full": 37537, "weight": 1658}}, {"model": "data.usage", "pk": 82, "fields": {"parking": 37, "timeslot": 6, "full": 23116, "weight": 1640}}, {"model": "data.usage", "pk": 83, "fields": {"parking": 38, "timeslot": 7, "full": 49240, "weight": 4853}}, {"model": "data.usage", "pk": 84, "fields": {"parking": 38, "timeslot": 2, "full": 114261, "weight": 2169}}, {"model": "data.usage", "pk": 85, "fields": {"parking": 38, "timeslot": 3, "full": 155219, "weight": 1614}}, {"model": "data.usage", "pk": 86, "fields": {"parking": 38, "timeslot": 4, "full": 99051, "weight": 1052}}, {"model": "data.usage", "pk": 87, "fields": {"parking": 38, "timeslot": 5, "full": 117302, "weight": 1593}}, {"model": "data.usage", "pk": 88, "fields": {"parking": 38, "timeslot": 6, "full": 64976, "weight": 1594}}, {"model": "data.usage", "pk": 89, "fields": {"parking": 39, "timeslot": 7, "full": 41542, "weight": 4874}}, {"model": "data.usage", "pk": 90, "fields": {"parking": 39, "timeslot": 2, "full": 87608, "weight": 2212}}, {"model": "data.usage", "pk": 91, "fields": {"parking": 39, "timeslot": 3, "full": 73769, "weight": 1638}}, {"model": "data.usage", "pk": 92, "fields": {"parking": 39, "timeslot": 4, "full": 48224, "weight": 1067}}, {"model": "data.usage", "pk": 93, "fields": {"parking": 39, "timeslot": 5, "full": 50733, "weight": 1595}}, {"model": "data.usage", "pk": 94, "fields": {"parking": 39, "timeslot": 6, "full": 35330, "weight": 1597}}, {"model": "data.usage", "pk": 95, "fields": {"parking": 40, "timeslot": 7, "full": 73088, "weight": 4971}}, {"model": "data.usage", "pk": 96, "fields": {"parking": 40, "timeslot": 2, "full": 331377, "weight": 2213}}, {"model": "data.usage", "pk": 97, "fields": {"parking": 40, "timeslot": 3, "full": 368855, "weight": 1637}}, {"model": "data.usage", "pk": 98, "fields": {"parking": 40, "timeslot": 4, "full": 247640, "weight": 1073}}, {"model": "data.usage", "pk": 99, "fields": {"parking": 40, "timeslot": 5, "full": 301367, "weight": 1634}}, {"model": "data.usage", "pk": 100, "fields": {"parking": 40, "timeslot": 6, "full": 152478, "weight": 1610}}, {"model": "data.usage", "pk": 101, "fields": {"parking": 41, "timeslot": 7, "full": 5274, "weight": 4931}}, {"model": "data.usage", "pk": 102, "fields": {"parking": 41, "timeslot": 2, "full": 22764, "weight": 2199}}, {"model": "data.usage", "pk": 103, "fields": {"parking": 41, "timeslot": 3, "full": 29666, "weight": 1659}}, {"model": "data.usage", "pk": 104, "fields": {"parking": 41, "timeslot": 4, "full": 19389, "weight": 1092}}, {"model": "data.usage", "pk": 105, "fields": {"parking": 41, "timeslot": 5, "full": 22277, "weight": 1647}}, {"model": "data.usage", "pk": 106, "fields": {"parking": 41, "timeslot": 6, "full": 6946, "weight": 1636}}, {"model": "data.usage", "pk": 107, "fields": {"parking": 42, "timeslot": 7, "full": 65405, "weight": 5825}}, {"model": "data.usage", "pk": 108, "fields": {"parking": 42, "timeslot": 2, "full": 472121, "weight": 2335}}, {"model": "data.usage", "pk": 109, "fields": {"parking": 42, "timeslot": 3, "full": 856465, "weight": 1880}}, {"model": "data.usage", "pk": 110, "fields": {"parking": 42, "timeslot": 4, "full": 546209, "weight": 1227}}, {"model": "data.usage", "pk": 111, "fields": {"parking": 42, "timeslot": 5, "full": 631320, "weight": 1820}}, {"model": "data.usage", "pk": 112, "fields": {"parking": 42, "timeslot": 6, "full": 253903, "weight": 1802}}]